ID,Name,Age,Gender,City,Salary,Joining_Date,Department,Remote_Work,Performance_Score
1,Alice,55.0,Male,Phoenix,116123.0,2015-11-13,Finance,False,3.0
2,Bob,45.0,Male,New York,108411.0,2020-06-09,HR,True,3.0211267605633805
3,David,31.0,Male,New York,87839.46421267894,2016-09-26,Support,False,3.0211267605633805
4,Bob,59.0,Male,Phoenix,115469.0,2020-04-09,Finance,False,5.0
5,David,24.0,Other,New York,41555.0,2020-08-18,Engineering,False,1.0
6,Eve,37.0,Female,Houston,53150.0,2022-09-22,HR,False,4.0
7,Frank,55.0,Male,Los Angeles,83002.0,2021-03-20,HR,False,2.0
8,Charlie,35.0,Male,New York,34853.0,2018-12-10,HR,False,2.0
10,Eve,27.0,Male,New York,54058.0,2016-12-16,Engineering,True,4.0
11,Charlie,27.0,Other,New York,58769.0,2018-07-11,Marketing,True,3.0211267605633805
12,Charlie,40.0,Male,Los Angeles,126999.0,2019-09-10,Support,False,1.0
14,Charlie,56.0,Male,Chicago,108411.0,2018-01-12,Marketing,False,2.0
15,David,40.0,Female,New York,124613.0,2018-09-03,Finance,False,5.0
16,Bob,19.0,Other,Los Angeles,135921.0,2015-04-21,Support,True,3.0
17,Charlie,38.0,Male,New York,30060.0,2015-09-08,Engineering,False,4.0
18,Eve,18.0,Male,New York,45048.0,2021-08-27,Support,True,4.0
19,Eve,40.0,Male,New York,56657.0,2020-08-16,Engineering,True,1.0
20,Eve,60.0,Male,New York,75186.0,2016-04-03,Support,False,1.0
22,Bob,54.0,Other,Phoenix,31524.0,2015-07-27,Support,False,2.0
24,Alice,37.0,Male,Los Angeles,115469.0,2015-01-22,Finance,False,1.0
25,David,49.0,Other,Houston,135921.0,2016-02-14,Marketing,False,2.0
26,Bob,28.0,Male,New York,97298.0,2017-06-13,HR,False,5.0
27,Frank,38.0,Male,New York,45850.0,2016-05-29,Finance,False,1.0
28,Frank,60.0,Male,Chicago,87839.46421267894,2017-03-19,Support,False,2.0
29,Frank,41.0,Female,Phoenix,130424.0,2017-05-23,Finance,False,2.0
30,Eve,43.0,Other,Houston,104666.0,2015-01-14,Support,False,3.0
31,David,58.0,Male,New York,108411.0,2017-08-28,Engineering,False,3.0
32,Charlie,44.0,Male,New York,70809.0,2020-11-04,Support,True,5.0
33,Alice,32.0,Male,Los Angeles,53150.0,2019-04-10,Finance,True,2.0
34,Charlie,31.0,Male,Houston,77924.0,2018-08-17,Support,False,3.0211267605633805
35,Grace,63.0,Other,New York,77924.0,2018-06-20,Support,True,2.0
36,Bob,60.0,Female,Los Angeles,83276.0,2020-12-09,Support,True,3.0
37,Grace,19.0,Female,Phoenix,131332.0,2017-01-19,Engineering,False,3.0211267605633805
38,Charlie,53.0,Male,Los Angeles,52180.0,2016-11-15,Marketing,False,1.0
39,Grace,23.0,Other,New York,46725.0,2020-04-11,Support,False,1.0
40,Grace,37.0,Female,Chicago,61987.0,2021-06-14,HR,False,4.0
41,Bob,25.0,Other,Chicago,91396.0,2016-11-25,Support,True,3.0
42,David,55.0,Other,Chicago,34263.0,2021-05-24,Engineering,True,4.0
43,David,34.0,Male,New York,77924.0,2015-11-03,Finance,False,3.0211267605633805
44,Bob,20.0,Female,Chicago,67904.0,2020-06-12,Engineering,True,3.0
45,Charlie,41.0,Male,Houston,84912.0,2016-10-23,Finance,False,5.0
47,Frank,25.0,Female,Los Angeles,78756.0,2015-11-08,Finance,False,5.0
48,Grace,42.0,Female,Los Angeles,62921.0,2022-12-30,Support,False,3.0211267605633805
49,Alice,18.0,Female,New York,61653.0,2017-12-18,Marketing,False,3.0
50,Eve,36.0,Female,Chicago,69952.0,2019-10-04,Finance,False,3.0211267605633805
51,Bob,44.0,Female,Chicago,87492.0,2017-01-24,Finance,False,2.0
52,David,63.0,Other,New York,45850.0,2015-02-04,HR,False,1.0
53,Alice,23.0,Male,Phoenix,53150.0,2016-03-20,Finance,False,1.0
54,Grace,60.0,Other,Houston,64008.0,2020-11-10,HR,True,3.0211267605633805
55,Alice,24.0,Male,Los Angeles,43350.0,2020-06-05,Support,False,4.0
56,Frank,63.0,Female,New York,130424.0,2018-05-15,Support,False,3.0
57,Charlie,51.0,Male,New York,75186.0,2015-12-19,HR,False,3.0
58,Grace,30.0,Female,New York,54354.0,2017-06-21,Marketing,True,1.0
59,David,33.0,Male,Los Angeles,68709.0,2018-09-17,Support,True,5.0
60,Charlie,52.0,Other,New York,136667.0,2022-12-19,HR,False,2.0
61,Grace,56.0,Male,Houston,81226.0,2019-10-15,Support,True,5.0
62,David,20.0,Male,New York,53150.0,2015-06-08,Support,False,5.0
63,Grace,18.0,Male,New York,91396.0,2020-05-31,Support,True,3.0211267605633805
64,Charlie,22.0,Male,Phoenix,78756.0,2017-08-14,Support,False,1.0
65,Alice,58.0,Male,Houston,65737.0,2020-09-02,Marketing,False,1.0
66,Eve,20.0,Male,New York,126523.0,2016-02-08,Engineering,False,1.0
67,Eve,45.0,Male,Houston,136667.0,2022-10-23,Engineering,True,3.0211267605633805
69,Grace,42.0,Female,Chicago,117410.0,2022-08-11,Support,False,5.0
70,Frank,60.0,Male,New York,116123.0,2018-10-19,HR,False,3.0211267605633805
71,Charlie,50.0,Male,Phoenix,91268.0,2022-01-23,Support,True,3.0
72,Bob,26.0,Male,Los Angeles,116145.0,2017-08-13,Support,True,2.0
73,Frank,52.0,Male,Houston,51172.0,2021-01-08,Finance,True,4.0
74,Alice,30.0,Other,New York,146074.0,2019-09-09,Support,True,3.0
75,Grace,47.0,Male,Los Angeles,113559.0,2016-08-30,Finance,True,5.0
76,Frank,64.0,Other,New York,126999.0,2021-10-03,Marketing,True,1.0
77,Grace,31.0,Male,Houston,64008.0,2018-06-27,HR,False,5.0
78,David,24.0,Male,Chicago,68709.0,2022-12-23,Marketing,True,3.0211267605633805
79,Charlie,30.0,Female,Los Angeles,70809.0,2019-03-16,Support,False,2.0
80,Eve,39.0,Male,New York,122201.0,2022-03-10,Marketing,False,3.0211267605633805
81,Bob,56.0,Other,Phoenix,43350.0,2021-07-10,Marketing,True,4.0
83,Alice,32.0,Male,Houston,76828.0,2019-12-03,Support,False,2.0
84,Bob,61.0,Other,Los Angeles,31622.0,2015-10-22,Support,False,3.0
85,Bob,34.0,Female,Los Angeles,130424.0,2017-01-24,Marketing,True,3.0
86,Bob,63.0,Male,Chicago,119563.0,2018-10-26,Finance,True,4.0
87,Frank,40.0,Male,Chicago,46725.0,2015-07-05,Support,True,4.0
89,Frank,41.0,Male,New York,136019.0,2016-09-28,Support,False,3.0
91,Bob,57.0,Male,New York,136667.0,2016-06-13,Engineering,False,3.0
92,Frank,45.0,Other,New York,49250.0,2020-08-30,Support,True,1.0
93,Grace,31.0,Male,Phoenix,59373.0,2022-12-24,Finance,False,3.0211267605633805
95,Grace,41.63389121338912,Male,Phoenix,31622.0,2020-11-17,Engineering,True,4.0
96,David,41.0,Female,New York,31622.0,2022-08-31,Engineering,True,1.0
97,Charlie,23.0,Male,New York,81226.0,2016-04-22,Support,False,2.0
98,Frank,25.0,Male,Houston,131332.0,2019-06-11,Engineering,False,4.0
99,Eve,40.0,Female,New York,58145.0,2017-07-28,Finance,False,5.0
100,Alice,41.63389121338912,Male,Chicago,136667.0,2016-06-09,Finance,False,4.0
101,Eve,60.0,Male,New York,68709.0,2021-07-09,HR,False,5.0
102,Bob,24.0,Male,New York,108617.0,2015-01-02,Finance,True,1.0
103,Alice,40.0,Female,New York,89052.0,2016-01-10,Support,False,1.0
104,Eve,27.0,Male,New York,124613.0,2021-05-29,Engineering,True,4.0
106,Grace,24.0,Other,Chicago,124613.0,2016-07-06,Support,False,5.0
107,Eve,51.0,Male,Phoenix,58769.0,2021-06-23,HR,False,2.0
108,Eve,51.0,Male,Houston,46725.0,2019-03-06,Engineering,True,4.0
109,Eve,41.63389121338912,Male,New York,146021.0,2020-01-26,HR,False,2.0
110,Alice,21.0,Male,Los Angeles,52180.0,2016-01-16,Engineering,False,4.0
111,Grace,58.0,Male,Houston,41664.0,2019-07-05,Support,False,3.0
112,Frank,55.0,Other,Houston,76828.0,2015-01-14,HR,False,3.0
113,Alice,57.0,Male,Chicago,65111.0,2016-05-18,Marketing,True,3.0
114,Eve,44.0,Male,Houston,68243.0,2021-03-28,Support,False,3.0211267605633805
116,Alice,25.0,Male,New York,54354.0,2015-05-10,Engineering,False,1.0
117,Charlie,24.0,Female,New York,83002.0,2017-04-17,Marketing,False,1.0
118,Frank,28.0,Other,New York,91268.0,2020-08-02,HR,False,3.0211267605633805
120,Bob,49.0,Male,Chicago,78756.0,2020-10-14,Marketing,False,2.0
121,Charlie,64.0,Other,New York,41664.0,2018-06-06,HR,False,4.0
122,Alice,39.0,Female,New York,143811.0,2015-09-18,Support,False,4.0
123,Alice,40.0,Other,Los Angeles,81226.0,2020-08-08,Marketing,True,3.0211267605633805
124,Grace,53.0,Male,Chicago,124613.0,2019-01-12,Marketing,False,1.0
125,Bob,51.0,Male,Los Angeles,116145.0,2018-12-18,Support,True,4.0
127,Charlie,56.0,Other,Phoenix,87492.0,2015-10-28,Marketing,False,5.0
128,Charlie,38.0,Male,Houston,89129.0,2021-05-23,Marketing,False,2.0
129,Eve,43.0,Male,Phoenix,54762.0,2016-09-21,Support,False,5.0
131,Frank,41.63389121338912,Other,Los Angeles,42112.0,2022-03-24,Support,True,3.0
132,David,51.0,Male,New York,70809.0,2020-06-16,Marketing,False,3.0
133,Frank,53.0,Male,Houston,83002.0,2019-06-17,Support,False,3.0
134,Frank,63.0,Male,Chicago,30060.0,2019-12-07,Support,False,5.0
135,Charlie,30.0,Other,Houston,143811.0,2022-12-01,Engineering,False,4.0
136,Frank,19.0,Male,New York,108411.0,2017-05-11,Engineering,True,2.0
137,Bob,41.63389121338912,Male,Houston,53150.0,2018-07-04,Marketing,True,3.0
138,Charlie,21.0,Other,New York,116145.0,2020-12-20,Support,False,3.0211267605633805
139,Grace,42.0,Male,Houston,34853.0,2019-12-05,Support,False,3.0211267605633805
140,Alice,30.0,Male,New York,115469.0,2019-09-03,Support,True,3.0
141,Bob,55.0,Female,Los Angeles,51172.0,2022-01-04,Support,False,3.0
142,Grace,43.0,Female,New York,97298.0,2021-06-18,Support,False,2.0
143,Alice,25.0,Other,New York,68709.0,2016-07-29,Support,True,3.0
144,Eve,31.0,Female,Phoenix,146021.0,2020-06-26,Support,False,2.0
145,David,31.0,Other,New York,119399.0,2018-07-31,Finance,False,3.0211267605633805
146,Eve,42.0,Female,Chicago,108617.0,2020-05-10,Support,True,3.0
147,Grace,58.0,Male,Houston,30060.0,2022-06-27,Engineering,False,5.0
148,Eve,29.0,Other,Phoenix,127432.0,2020-07-13,Support,False,5.0
149,Frank,48.0,Other,Chicago,124613.0,2021-01-21,Support,False,3.0211267605633805
150,Grace,55.0,Male,Chicago,96017.0,2021-06-10,Support,False,2.0
151,David,48.0,Other,New York,116123.0,2019-07-14,Support,False,5.0
152,Alice,20.0,Other,New York,76828.0,2019-04-29,Finance,True,2.0
153,Eve,46.0,Female,Los Angeles,61987.0,2020-01-22,Finance,False,5.0
154,David,53.0,Other,Los Angeles,121248.0,2021-01-12,Support,False,5.0
155,Alice,39.0,Male,Phoenix,122201.0,2018-10-22,HR,False,2.0
157,Eve,61.0,Female,Houston,45850.0,2020-04-09,Support,True,5.0
159,Grace,59.0,Male,Phoenix,43350.0,2018-06-28,Finance,False,3.0211267605633805
160,Bob,45.0,Male,Los Angeles,119399.0,2017-08-14,Support,False,4.0
161,Grace,52.0,Male,Houston,41046.0,2020-04-23,Support,True,2.0
162,Grace,29.0,Female,New York,87839.46421267894,2021-07-09,Support,True,4.0
163,Grace,48.0,Other,Phoenix,116123.0,2017-08-26,Finance,True,1.0
164,Alice,23.0,Female,New York,58769.0,2022-01-02,Support,False,1.0
165,Alice,38.0,Male,New York,113559.0,2018-08-09,Support,True,5.0
166,Grace,41.63389121338912,Male,New York,91120.0,2017-11-09,Marketing,False,5.0
167,Eve,18.0,Female,Chicago,91268.0,2015-10-09,HR,False,3.0
169,Charlie,61.0,Female,Chicago,68243.0,2020-12-06,HR,False,4.0
170,Frank,22.0,Other,New York,68243.0,2017-11-24,Marketing,False,1.0
171,David,44.0,Female,New York,41046.0,2015-07-17,Engineering,False,5.0
172,Frank,44.0,Female,Phoenix,83276.0,2021-12-07,Support,False,3.0211267605633805
173,Alice,41.63389121338912,Male,New York,64008.0,2017-12-18,Marketing,False,4.0
174,Frank,60.0,Male,Houston,83002.0,2022-11-24,Support,False,5.0
175,Grace,36.0,Male,Houston,69952.0,2018-03-30,Finance,True,5.0
176,Eve,46.0,Female,Los Angeles,136667.0,2017-10-05,Support,False,1.0
177,Alice,27.0,Other,New York,111182.0,2022-07-01,Marketing,False,1.0
178,Grace,44.0,Male,Phoenix,34853.0,2018-05-14,Finance,False,5.0
179,Grace,41.0,Male,Chicago,147369.0,2017-11-01,Marketing,False,2.0
180,Frank,55.0,Male,New York,119599.0,2016-05-04,Marketing,False,5.0
181,Grace,49.0,Male,Los Angeles,130424.0,2015-10-03,Finance,True,3.0211267605633805
182,Bob,41.63389121338912,Female,Houston,124613.0,2022-07-03,Engineering,True,5.0
184,Frank,29.0,Male,Chicago,30060.0,2018-05-24,Support,True,3.0
185,Grace,57.0,Other,New York,91268.0,2018-06-28,Marketing,False,3.0
186,Charlie,19.0,Other,New York,131332.0,2015-05-06,Support,True,2.0
188,Grace,22.0,Male,Phoenix,31622.0,2018-04-23,Finance,False,5.0
189,David,24.0,Male,Chicago,104666.0,2018-05-31,Support,False,3.0
190,Alice,43.0,Male,New York,42112.0,2021-12-17,Finance,False,2.0
191,Alice,25.0,Female,Phoenix,143811.0,2021-10-10,Support,False,1.0
193,Bob,49.0,Other,Houston,115469.0,2018-08-10,HR,False,3.0211267605633805
194,Charlie,58.0,Other,New York,116123.0,2021-01-07,HR,False,4.0
195,Frank,60.0,Male,Chicago,127432.0,2021-08-28,HR,False,5.0
196,Grace,40.0,Male,Phoenix,146021.0,2019-07-20,HR,True,4.0
197,David,31.0,Female,Phoenix,104478.0,2015-11-04,HR,False,3.0
198,Frank,48.0,Other,Phoenix,140616.0,2018-09-21,Finance,True,4.0
199,Bob,48.0,Other,Chicago,89052.0,2020-05-23,Marketing,False,3.0
200,Bob,40.0,Female,Chicago,69952.0,2022-08-25,Support,True,1.0
201,Alice,57.0,Female,New York,104478.0,2017-06-10,HR,True,4.0
202,Bob,28.0,Other,Los Angeles,76828.0,2016-01-10,Finance,False,5.0
203,David,55.0,Other,New York,116123.0,2020-07-26,Finance,True,3.0
204,David,18.0,Female,Houston,68890.0,2018-09-26,Finance,False,5.0
205,Grace,19.0,Other,New York,49250.0,2015-05-09,Marketing,False,2.0
206,Charlie,53.0,Male,Phoenix,69952.0,2017-10-11,Support,False,3.0
207,Alice,33.0,Male,Los Angeles,62921.0,2019-12-05,Marketing,False,4.0
208,Grace,18.0,Female,New York,146074.0,2022-06-09,Engineering,False,3.0
209,Grace,18.0,Male,Los Angeles,76828.0,2018-10-13,Finance,False,5.0
210,Bob,44.0,Female,New York,68243.0,2016-05-31,Engineering,False,1.0
211,Grace,39.0,Female,Chicago,127432.0,2019-02-27,Support,True,3.0
212,Grace,53.0,Male,Phoenix,53150.0,2015-03-27,HR,True,4.0
213,Frank,48.0,Male,New York,116123.0,2018-04-13,HR,False,2.0
215,Charlie,41.63389121338912,Male,New York,62921.0,2018-02-16,Support,True,1.0
216,Alice,35.0,Other,New York,87839.46421267894,2021-10-10,Engineering,False,2.0
217,Bob,18.0,Male,New York,45850.0,2020-06-16,Support,False,3.0
219,David,42.0,Male,Los Angeles,87492.0,2015-10-30,HR,False,5.0
220,Eve,48.0,Other,New York,113559.0,2022-08-23,Support,True,4.0
222,Bob,48.0,Male,Chicago,97298.0,2017-09-13,HR,True,1.0
223,David,20.0,Female,Chicago,116145.0,2020-02-07,Engineering,True,5.0
224,Frank,27.0,Male,New York,98247.0,2015-12-11,HR,True,4.0
225,Grace,33.0,Other,New York,87492.0,2017-03-24,Support,False,3.0211267605633805
226,Grace,54.0,Male,Chicago,96017.0,2020-06-10,Engineering,False,3.0
227,Charlie,40.0,Male,Chicago,123065.0,2022-10-19,Engineering,False,3.0
228,Alice,21.0,Male,Los Angeles,144130.0,2018-08-03,HR,False,5.0
229,Eve,50.0,Male,Houston,96017.0,2020-06-22,Support,True,2.0
232,Alice,27.0,Male,Houston,117410.0,2017-12-28,Finance,False,5.0
233,Alice,64.0,Female,New York,58145.0,2021-08-05,Support,True,4.0
234,Eve,32.0,Female,Chicago,124613.0,2017-10-06,Marketing,True,3.0211267605633805
235,Eve,49.0,Male,Houston,43350.0,2016-12-04,Engineering,False,5.0
236,David,25.0,Male,Phoenix,83302.0,2016-07-28,Marketing,False,3.0211267605633805
238,Alice,32.0,Male,New York,146021.0,2018-01-17,Engineering,False,4.0
239,Eve,45.0,Male,New York,146074.0,2016-11-18,Marketing,False,5.0
241,Bob,36.0,Male,Phoenix,146074.0,2022-03-17,Engineering,False,4.0
242,Alice,52.0,Male,Chicago,85337.0,2022-03-21,Finance,False,1.0
244,Alice,42.0,Male,New York,119563.0,2018-09-09,Support,True,2.0
245,Frank,19.0,Other,Houston,87384.0,2016-05-08,Support,False,4.0
246,Bob,35.0,Male,New York,30060.0,2019-07-26,Support,False,3.0211267605633805
247,Eve,36.0,Male,Los Angeles,136296.0,2019-06-26,Finance,True,1.0
248,David,48.0,Male,Los Angeles,135921.0,2015-01-19,Support,False,3.0
249,Charlie,23.0,Other,Phoenix,146074.0,2021-09-10,Marketing,False,3.0
250,Grace,57.0,Other,Chicago,140616.0,2017-09-27,HR,False,2.0
251,Alice,49.0,Male,Los Angeles,64020.0,2017-04-30,HR,False,4.0
252,Grace,56.0,Male,New York,53150.0,2018-10-20,HR,False,4.0
253,Grace,55.0,Female,New York,53150.0,2018-09-16,Finance,True,4.0
255,Bob,56.0,Male,Phoenix,91120.0,2017-04-01,Engineering,False,2.0
256,Frank,41.63389121338912,Male,Houston,31622.0,2016-03-30,HR,True,4.0
257,Charlie,27.0,Female,Phoenix,117410.0,2019-06-13,Marketing,True,3.0211267605633805
258,Alice,44.0,Other,Houston,104666.0,2022-08-04,Support,False,3.0
259,Frank,41.0,Other,Phoenix,54762.0,2016-12-11,Marketing,False,1.0
260,Charlie,39.0,Male,Phoenix,49250.0,2020-12-30,Support,False,3.0211267605633805
261,Frank,47.0,Male,Phoenix,105186.0,2017-07-05,HR,False,3.0
262,Alice,46.0,Female,Houston,119399.0,2022-11-15,HR,False,3.0
263,Grace,58.0,Female,Houston,87839.46421267894,2022-04-06,HR,True,1.0
264,Charlie,51.0,Other,Phoenix,87839.46421267894,2019-02-05,Finance,True,3.0
265,David,23.0,Male,Los Angeles,98247.0,2018-12-11,Support,False,2.0
266,Charlie,32.0,Other,Chicago,61653.0,2015-11-01,Finance,False,1.0
267,Eve,42.0,Male,Chicago,68243.0,2017-01-05,Finance,False,3.0
268,Alice,64.0,Other,Chicago,117410.0,2021-05-27,Support,False,5.0
269,Eve,18.0,Male,Houston,83302.0,2020-05-17,Marketing,False,3.0211267605633805
270,Eve,41.63389121338912,Female,Houston,65737.0,2020-11-19,Marketing,False,3.0
271,Frank,64.0,Male,Los Angeles,34263.0,2020-07-02,Engineering,True,2.0
272,Alice,28.0,Male,Chicago,49250.0,2022-12-24,Finance,True,4.0
273,David,21.0,Male,Chicago,52180.0,2022-11-29,Support,False,3.0
275,Eve,48.0,Male,Houston,54762.0,2017-10-23,Support,False,5.0
276,Eve,25.0,Male,Chicago,41664.0,2020-11-02,Marketing,False,3.0
277,Bob,57.0,Male,New York,68709.0,2021-07-03,Finance,False,1.0
278,Charlie,51.0,Male,Los Angeles,65737.0,2022-11-03,Engineering,True,4.0
279,Frank,35.0,Male,New York,130424.0,2019-01-13,Finance,False,5.0
280,Grace,64.0,Female,New York,105186.0,2021-11-06,HR,False,1.0
281,David,32.0,Male,Los Angeles,127425.0,2020-05-01,Finance,False,1.0
282,Bob,19.0,Male,New York,77304.0,2022-04-30,HR,False,1.0
283,Alice,36.0,Female,Chicago,96017.0,2018-03-23,HR,True,1.0
284,Grace,40.0,Male,Houston,43350.0,2016-10-26,Engineering,False,3.0
285,Bob,49.0,Female,Los Angeles,108411.0,2015-01-12,Support,True,3.0211267605633805
287,Eve,27.0,Female,New York,136019.0,2015-10-31,Finance,True,3.0
288,Bob,24.0,Male,Los Angeles,58145.0,2019-10-30,HR,False,5.0
289,David,52.0,Male,New York,31622.0,2022-10-01,Finance,False,5.0
290,Eve,54.0,Male,New York,108617.0,2015-02-12,Support,True,3.0211267605633805
291,Frank,56.0,Male,Houston,104182.0,2017-08-01,Marketing,False,5.0
292,Alice,36.0,Male,Chicago,87839.46421267894,2021-07-18,Support,True,2.0
293,Grace,51.0,Male,Houston,75186.0,2018-09-11,Marketing,False,3.0211267605633805
294,Bob,64.0,Other,Houston,116123.0,2021-12-20,Support,True,5.0
295,Grace,41.0,Female,Houston,98247.0,2021-08-08,Marketing,False,3.0211267605633805
296,David,51.0,Other,Houston,51792.0,2017-06-09,Engineering,False,3.0
297,Grace,41.0,Male,Phoenix,30060.0,2021-10-10,Support,False,3.0
298,Charlie,45.0,Male,Phoenix,147369.0,2017-10-01,HR,True,3.0211267605633805
299,Bob,34.0,Male,Los Angeles,97298.0,2015-01-21,Support,False,2.0
300,Eve,62.0,Male,New York,45048.0,2016-02-11,Engineering,False,2.0
301,Frank,34.0,Male,Houston,41664.0,2022-04-20,Finance,False,3.0211267605633805
302,David,18.0,Male,Los Angeles,61987.0,2017-10-11,Support,False,5.0
303,Eve,51.0,Male,New York,54058.0,2015-12-02,HR,False,4.0
304,Grace,32.0,Male,New York,58145.0,2020-01-13,Marketing,False,2.0
306,David,52.0,Male,Phoenix,119399.0,2021-09-12,Finance,False,3.0
307,David,49.0,Female,New York,123065.0,2022-10-11,Support,False,3.0211267605633805
308,Frank,20.0,Other,New York,98247.0,2020-01-02,Support,False,1.0
309,Grace,49.0,Male,New York,62921.0,2016-12-15,Support,True,3.0211267605633805
311,Charlie,37.0,Female,New York,116145.0,2015-11-20,Support,False,3.0
312,Alice,64.0,Other,New York,43350.0,2017-02-27,Support,False,2.0
313,Grace,36.0,Male,Phoenix,59402.0,2015-05-21,Support,False,2.0
314,Frank,24.0,Male,Phoenix,143811.0,2016-04-14,Marketing,False,1.0
315,Bob,23.0,Other,Los Angeles,111182.0,2017-02-25,Engineering,False,3.0211267605633805
316,David,19.0,Male,New York,58145.0,2019-12-31,Support,False,3.0
317,Alice,33.0,Female,Houston,105186.0,2018-09-19,Support,True,1.0
318,Grace,49.0,Female,New York,143811.0,2020-03-31,Engineering,True,4.0
319,Alice,64.0,Male,New York,85337.0,2017-08-21,HR,False,1.0
320,Bob,28.0,Female,New York,51792.0,2016-01-08,Support,False,5.0
321,Alice,38.0,Female,New York,91396.0,2021-12-16,Marketing,False,1.0
322,Grace,38.0,Other,Chicago,108411.0,2019-08-20,Support,False,5.0
323,Alice,62.0,Male,Phoenix,59402.0,2022-08-30,Support,False,5.0
324,Frank,46.0,Male,New York,91396.0,2018-03-25,Finance,True,5.0
325,Bob,54.0,Other,Phoenix,52180.0,2021-05-27,Finance,False,4.0
327,David,61.0,Male,Los Angeles,59402.0,2015-04-16,Support,False,1.0
328,David,24.0,Female,Houston,113559.0,2018-12-14,Marketing,False,4.0
329,Grace,43.0,Male,New York,130424.0,2022-06-10,Engineering,False,3.0
330,Eve,43.0,Female,Phoenix,119599.0,2019-08-09,Finance,False,2.0
331,David,50.0,Male,Los Angeles,78756.0,2015-01-02,Engineering,True,1.0
332,Bob,37.0,Other,New York,51792.0,2022-03-21,Marketing,True,2.0
333,Charlie,46.0,Male,Chicago,83276.0,2022-05-15,Support,False,3.0211267605633805
334,Charlie,49.0,Other,Houston,89052.0,2020-11-07,Support,False,3.0211267605633805
335,Grace,44.0,Male,New York,68890.0,2015-12-16,Engineering,False,4.0
336,Bob,63.0,Female,Los Angeles,66397.0,2018-07-10,Support,True,3.0211267605633805
337,David,49.0,Other,Chicago,136667.0,2017-11-28,Support,False,3.0211267605633805
339,Eve,64.0,Female,Los Angeles,68890.0,2021-06-17,Engineering,True,3.0
340,Grace,35.0,Other,Los Angeles,61653.0,2016-03-20,Support,False,3.0
341,Alice,20.0,Other,Chicago,89052.0,2021-06-03,Engineering,False,3.0211267605633805
342,Eve,51.0,Male,Los Angeles,127432.0,2017-08-09,Support,False,4.0
343,Eve,41.63389121338912,Male,Chicago,119563.0,2015-02-05,Support,False,5.0
344,Eve,60.0,Male,New York,87384.0,2018-01-12,Marketing,True,5.0
345,Eve,44.0,Female,Chicago,62921.0,2019-01-15,HR,True,2.0
346,David,46.0,Male,Chicago,131332.0,2019-12-04,Support,True,5.0
347,Eve,45.0,Other,Houston,102355.0,2020-01-20,Finance,False,5.0
348,Bob,62.0,Other,Chicago,75420.0,2018-11-09,Finance,True,3.0
349,Frank,22.0,Male,Chicago,83302.0,2018-04-10,HR,True,3.0
350,Bob,51.0,Male,New York,64008.0,2018-10-31,Marketing,True,3.0211267605633805
351,Bob,57.0,Male,New York,77924.0,2019-09-05,Support,False,2.0
352,Eve,53.0,Other,Houston,116123.0,2018-10-17,Engineering,False,1.0
353,Frank,40.0,Female,New York,108617.0,2022-02-19,HR,True,2.0
354,David,45.0,Male,Phoenix,116123.0,2020-12-28,Marketing,False,2.0
355,Frank,62.0,Male,New York,89052.0,2018-07-24,Engineering,True,4.0
356,Charlie,47.0,Male,New York,122201.0,2022-08-05,Finance,False,3.0211267605633805
357,Charlie,51.0,Other,Phoenix,31524.0,2018-05-28,Finance,False,4.0
359,Eve,37.0,Female,New York,31622.0,2019-12-12,HR,True,2.0
360,Bob,48.0,Other,Los Angeles,68709.0,2015-01-10,Finance,False,2.0
361,Grace,39.0,Male,Houston,70809.0,2017-09-10,Support,False,5.0
362,Grace,49.0,Other,Los Angeles,89052.0,2021-08-22,Support,True,4.0
363,Eve,19.0,Male,Phoenix,89052.0,2019-07-15,Engineering,True,2.0
364,Frank,34.0,Male,New York,75420.0,2019-07-19,Engineering,False,3.0
366,Bob,58.0,Female,Houston,127425.0,2022-03-16,HR,True,3.0211267605633805
367,Eve,47.0,Female,New York,83276.0,2021-01-08,Support,False,3.0
368,Eve,19.0,Other,New York,77304.0,2016-12-20,HR,False,3.0211267605633805
369,David,56.0,Male,Houston,65111.0,2017-12-08,Marketing,False,5.0
370,Frank,62.0,Male,New York,59402.0,2017-05-08,Marketing,True,5.0
371,Frank,40.0,Female,New York,75420.0,2018-08-09,Support,False,1.0
372,Bob,48.0,Male,Houston,104182.0,2019-05-23,Finance,True,1.0
373,Charlie,63.0,Female,Phoenix,104478.0,2015-02-19,Finance,False,1.0
374,Grace,38.0,Male,New York,31524.0,2022-06-04,Finance,False,3.0211267605633805
375,Bob,39.0,Other,New York,146021.0,2022-01-22,Support,False,5.0
376,Frank,18.0,Male,Phoenix,140616.0,2022-12-14,Marketing,False,5.0
377,David,43.0,Male,New York,43350.0,2015-05-26,HR,False,5.0
378,Bob,58.0,Male,Chicago,112565.0,2017-07-03,Support,True,3.0
380,Grace,42.0,Male,Chicago,135921.0,2021-04-08,HR,True,3.0
381,Frank,33.0,Male,New York,115469.0,2016-08-03,Finance,True,1.0
382,Bob,56.0,Male,New York,53150.0,2022-06-27,Support,True,1.0
383,David,49.0,Male,Phoenix,65111.0,2019-05-04,HR,False,3.0211267605633805
384,Eve,25.0,Female,New York,87384.0,2016-04-27,Marketing,True,1.0
385,Frank,59.0,Male,Phoenix,136296.0,2018-06-03,Engineering,True,3.0211267605633805
387,Alice,55.0,Male,New York,144130.0,2016-09-22,Support,True,2.0
388,Charlie,45.0,Other,Chicago,91268.0,2022-06-01,Engineering,True,4.0
389,Grace,58.0,Female,Los Angeles,87839.46421267894,2016-10-23,Support,True,3.0211267605633805
391,Charlie,51.0,Female,New York,131371.0,2021-10-02,Marketing,True,4.0
393,David,40.0,Female,Los Angeles,87839.46421267894,2019-03-27,Marketing,True,3.0211267605633805
394,David,29.0,Other,Los Angeles,34853.0,2016-10-11,Marketing,True,2.0
396,Grace,52.0,Female,Houston,51792.0,2022-03-22,Support,False,3.0211267605633805
397,Charlie,61.0,Male,New York,76828.0,2018-01-05,Engineering,False,4.0
398,Frank,36.0,Male,Los Angeles,126523.0,2021-12-31,Finance,False,5.0
399,Grace,41.63389121338912,Female,New York,108411.0,2016-03-16,Support,False,3.0211267605633805
400,Frank,24.0,Male,New York,81226.0,2017-07-09,Support,False,3.0211267605633805
401,Bob,62.0,Male,Chicago,70809.0,2017-02-08,Support,True,4.0
402,Grace,32.0,Female,Houston,135921.0,2018-09-05,Support,False,5.0
403,Alice,30.0,Female,New York,104182.0,2020-01-01,Support,False,3.0
404,Bob,28.0,Other,Phoenix,45850.0,2015-09-20,Finance,True,2.0
405,Bob,39.0,Male,Chicago,98247.0,2019-04-27,Support,False,4.0
407,Frank,44.0,Male,Los Angeles,104666.0,2021-11-11,Marketing,False,2.0
408,David,50.0,Other,Chicago,91396.0,2017-09-25,Marketing,False,2.0
409,Charlie,18.0,Other,New York,43350.0,2016-11-30,HR,True,2.0
410,Eve,48.0,Other,Los Angeles,54762.0,2021-06-07,Support,True,3.0
411,David,39.0,Other,Houston,56657.0,2019-05-23,Marketing,False,1.0
412,Grace,38.0,Male,New York,62921.0,2018-05-26,HR,False,4.0
413,Grace,41.0,Male,Houston,104182.0,2018-01-30,Marketing,False,1.0
414,David,38.0,Female,Los Angeles,108617.0,2022-02-14,Support,False,1.0
415,Eve,38.0,Female,Phoenix,119599.0,2021-05-24,Support,True,1.0
416,Alice,58.0,Other,New York,61987.0,2018-04-05,Engineering,False,2.0
417,Bob,22.0,Other,New York,91268.0,2022-04-22,Support,False,5.0
418,Frank,31.0,Other,Chicago,43350.0,2017-10-02,Finance,False,2.0
419,David,59.0,Female,Chicago,51792.0,2015-02-05,Marketing,False,2.0
421,Bob,49.0,Male,New York,54762.0,2019-10-31,Support,False,3.0211267605633805
422,Alice,24.0,Female,New York,126523.0,2015-12-19,Finance,True,1.0
423,Eve,60.0,Female,Phoenix,98247.0,2020-04-06,Support,True,2.0
424,David,60.0,Female,Chicago,91268.0,2015-03-14,Finance,False,1.0
428,Grace,22.0,Other,Los Angeles,76828.0,2017-12-29,Engineering,True,1.0
429,Bob,61.0,Other,Chicago,54354.0,2021-10-08,HR,False,5.0
430,Bob,48.0,Other,New York,77304.0,2016-12-08,Support,True,4.0
431,David,46.0,Other,New York,61987.0,2019-12-10,Engineering,True,3.0
433,Charlie,51.0,Male,Houston,65111.0,2022-11-15,Support,False,1.0
434,Eve,56.0,Male,Houston,105186.0,2017-08-13,Marketing,False,3.0
435,Bob,32.0,Female,Phoenix,69952.0,2022-01-08,Support,False,3.0
436,Alice,29.0,Male,New York,131371.0,2021-10-11,Finance,False,1.0
437,Alice,58.0,Male,Phoenix,87492.0,2015-06-09,Support,True,3.0
438,Alice,46.0,Other,New York,98247.0,2021-01-05,Support,True,2.0
440,Frank,41.63389121338912,Female,Los Angeles,84912.0,2019-10-02,Engineering,True,4.0
442,Eve,44.0,Female,Phoenix,30060.0,2015-03-08,Marketing,False,2.0
444,Bob,53.0,Male,Phoenix,127432.0,2015-02-27,HR,False,5.0
445,Bob,42.0,Male,Chicago,51792.0,2015-12-08,HR,True,3.0
446,Charlie,39.0,Male,Houston,96017.0,2018-02-27,Finance,True,1.0
447,Alice,25.0,Male,Phoenix,31524.0,2022-08-06,Marketing,True,3.0211267605633805
449,Frank,41.63389121338912,Male,Los Angeles,112565.0,2022-09-18,Engineering,False,3.0
450,Frank,41.63389121338912,Male,Los Angeles,81226.0,2022-04-15,Marketing,True,5.0
451,Eve,63.0,Female,New York,54354.0,2018-05-17,Engineering,False,1.0
452,Frank,50.0,Male,Phoenix,51792.0,2021-07-29,Engineering,True,2.0
453,Eve,48.0,Male,Houston,130424.0,2019-02-03,HR,False,2.0
454,Grace,64.0,Male,Chicago,75186.0,2019-12-27,Marketing,False,5.0
455,Charlie,41.0,Male,Los Angeles,131371.0,2015-04-26,Support,True,1.0
456,Bob,56.0,Male,Los Angeles,131332.0,2016-10-23,Support,False,4.0
457,Eve,61.0,Female,Chicago,127432.0,2019-01-05,HR,False,3.0
458,Charlie,41.63389121338912,Female,Houston,117410.0,2021-11-05,HR,True,1.0
460,Charlie,55.0,Female,Phoenix,119563.0,2021-05-23,Marketing,True,5.0
461,Bob,21.0,Male,Phoenix,91120.0,2017-10-13,Marketing,False,5.0
462,Eve,38.0,Female,New York,56657.0,2015-11-07,Engineering,False,3.0
463,Charlie,45.0,Other,New York,127432.0,2015-07-27,Support,False,5.0
464,Frank,19.0,Other,New York,84912.0,2022-04-19,Support,False,5.0
466,Frank,42.0,Other,Phoenix,30060.0,2022-06-10,Engineering,True,4.0
467,Frank,32.0,Other,Houston,91120.0,2016-09-24,HR,True,3.0
468,Eve,53.0,Other,Chicago,91396.0,2020-10-03,Finance,True,1.0
469,Frank,38.0,Male,Houston,68890.0,2016-10-18,Support,True,4.0
470,Grace,41.63389121338912,Other,Los Angeles,108617.0,2018-11-24,HR,True,1.0
471,Eve,30.0,Other,New York,131332.0,2020-04-15,Marketing,True,3.0211267605633805
472,Grace,44.0,Male,Houston,62921.0,2022-01-06,Support,True,1.0
473,David,21.0,Other,New York,135921.0,2019-08-07,Finance,False,5.0
474,Frank,63.0,Other,Los Angeles,41046.0,2015-08-25,Finance,False,4.0
475,Grace,46.0,Female,New York,84912.0,2015-12-14,Engineering,False,3.0
476,Grace,62.0,Male,Chicago,140616.0,2022-04-28,Support,False,3.0
477,Grace,21.0,Male,New York,111182.0,2016-09-21,Engineering,True,4.0
478,Grace,28.0,Male,New York,119563.0,2019-03-21,HR,False,5.0
479,David,32.0,Male,Los Angeles,54058.0,2020-06-26,Support,True,2.0
480,Charlie,42.0,Male,Chicago,146074.0,2018-06-25,Support,False,1.0
481,Frank,41.63389121338912,Male,New York,131332.0,2015-12-30,Support,False,5.0
482,Grace,64.0,Male,New York,64020.0,2021-06-26,Support,False,3.0211267605633805
483,David,37.0,Other,New York,127425.0,2015-10-13,Support,False,4.0
484,David,55.0,Male,Los Angeles,64020.0,2015-05-29,HR,True,1.0
485,Grace,52.0,Other,Phoenix,119563.0,2018-01-12,Engineering,False,3.0
487,Charlie,46.0,Male,New York,41664.0,2016-03-31,Engineering,True,3.0211267605633805
489,David,39.0,Female,New York,96017.0,2017-03-10,Engineering,False,4.0
490,Frank,26.0,Male,Chicago,77924.0,2018-03-30,Finance,True,1.0
491,Eve,21.0,Female,New York,59402.0,2017-10-09,Engineering,True,4.0
492,Charlie,52.0,Other,Houston,136019.0,2022-10-02,Support,True,1.0
493,David,50.0,Other,Los Angeles,131371.0,2021-11-12,Finance,True,5.0
494,Eve,47.0,Male,Los Angeles,113559.0,2019-03-04,Engineering,True,2.0
495,Eve,26.0,Male,Phoenix,108617.0,2022-08-17,Support,True,5.0
496,Charlie,35.0,Female,Phoenix,70809.0,2021-12-31,Support,False,5.0
497,Eve,48.0,Male,Los Angeles,116123.0,2016-04-25,Support,False,4.0
498,David,41.63389121338912,Female,Phoenix,41555.0,2019-08-14,Marketing,False,2.0
499,Bob,21.0,Male,Chicago,83002.0,2020-12-01,HR,True,1.0
500,David,61.0,Female,New York,75420.0,2022-08-28,Support,True,1.0
